{"v":"4.8.0","meta":{"g":"LottieFiles AE 3.3.6","a":"","k":"","d":"","tc":""},"fr":60,"ip":0,"op":127,"w":600,"h":450,"nm":"original yedek","ddd":0,"assets":[{"id":"comp_0","layers":[{"ddd":0,"ind":1,"ty":3,"nm":"Null 1","sr":1,"ks":{"o":{"a":0,"k":0,"ix":11},"r":{"a":1,"k":[{"i":{"x":[0.833],"y":[0.833]},"o":{"x":[0.167],"y":[0.167]},"t":0,"s":[0]},{"i":{"x":[0.833],"y":[0.833]},"o":{"x":[0.167],"y":[0.167]},"t":69,"s":[0]},{"t":135,"s":[0]}],"ix":10},"p":{"a":0,"k":[300,300,0],"ix":2},"a":{"a":0,"k":[50,50,0],"ix":1},"s":{"a":0,"k":[100,100,100],"ix":6}},"ao":0,"ip":0,"op":135,"st":0,"bm":0},{"ddd":0,"ind":2,"ty":4,"nm":"on 2","parent":1,"sr":1,"ks":{"o":{"a":1,"k":[{"i":{"x":[0.833],"y":[0.833]},"o":{"x":[0.167],"y":[0.167]},"t":37,"s":[100]},{"i":{"x":[0.833],"y":[0.833]},"o":{"x":[0.167],"y":[0.167]},"t":39,"s":[0]},{"i":{"x":[0.833],"y":[0.833]},"o":{"x":[0.167],"y":[0.167]},"t":66,"s":[0]},{"i":{"x":[0.833],"y":[0.833]},"o":{"x":[0.167],"y":[0.167]},"t":67,"s":[100]},{"i":{"x":[0.833],"y":[0.833]},"o":{"x":[0.167],"y":[0.167]},"t":105,"s":[100]},{"t":107,"s":[0]}],"ix":11},"r":{"a":0,"k":0,"ix":10},"p":{"a":0,"k":[50,50,0],"ix":2},"a":{"a":0,"k":[180,180,0],"ix":1},"s":{"a":1,"k":[{"i":{"x":[0.661,0.661,0.667],"y":[1,1,1]},"o":{"x":[0.435,0.435,0.333],"y":[0,0,0]},"t":0,"s":[70,70,100]},{"i":{"x":[0.634,0.634,0.667],"y":[1,1,1]},"o":{"x":[0.398,0.398,0.333],"y":[0,0,0]},"t":68,"s":[45,45,100]},{"t":135,"s":[70,70,100]}],"ix":6}},"ao":0,"shapes":[{"ty":"gr","it":[{"ind":0,"ty":"sh","ix":1,"ks":{"a":0,"k":{"i":[[0,-74.558],[74.558,0],[0,74.558],[-74.558,0]],"o":[[0,74.558],[-74.558,0],[0,-74.558],[74.558,0]],"v":[[135,0],[0,135],[-135,0],[0,-135]],"c":true},"ix":2},"nm":"Path 1","mn":"ADBE Vector Shape - Group","hd":false},{"ty":"st","c":{"a":0,"k":[0.89411765337,0.51372551918,0.082352943718,1],"ix":3},"o":{"a":0,"k":100,"ix":4},"w":{"a":1,"k":[{"i":{"x":[0.667],"y":[1]},"o":{"x":[0.333],"y":[0]},"t":0,"s":[35]},{"i":{"x":[0.667],"y":[1]},"o":{"x":[0.333],"y":[0]},"t":68,"s":[50]},{"t":135,"s":[35]}],"ix":5},"lc":1,"lj":1,"ml":10,"bm":0,"nm":"Stroke 1","mn":"ADBE Vector Graphic - Stroke","hd":false},{"ty":"tr","p":{"a":0,"k":[180,180],"ix":2},"a":{"a":0,"k":[0,0],"ix":1},"s":{"a":0,"k":[100,100],"ix":3},"r":{"a":0,"k":0,"ix":6},"o":{"a":0,"k":100,"ix":7},"sk":{"a":0,"k":0,"ix":4},"sa":{"a":0,"k":0,"ix":5},"nm":"Transform"}],"nm":"Group 1","np":2,"cix":2,"bm":0,"ix":1,"mn":"ADBE Vector Group","hd":false}],"ip":0,"op":135,"st":0,"bm":0},{"ddd":0,"ind":3,"ty":4,"nm":"yedek imlec 5","sr":1,"ks":{"o":{"a":0,"k":100,"ix":11},"r":{"a":1,"k":[{"i":{"x":[0.709],"y":[0.543]},"o":{"x":[0.355],"y":[0.121]},"t":0,"s":[101]},{"i":{"x":[0.802],"y":[0.819]},"o":{"x":[0.3],"y":[0.232]},"t":19,"s":[36.039]},{"i":{"x":[0.833],"y":[0.87]},"o":{"x":[0.162],"y":[0.187]},"t":33,"s":[-61.482]},{"i":{"x":[0.661],"y":[1.114]},"o":{"x":[0.167],"y":[0.311]},"t":50,"s":[-155]},{"i":{"x":[0.672],"y":[0.512]},"o":{"x":[0.329],"y":[0.062]},"t":67,"s":[-194]},{"i":{"x":[0.833],"y":[0.837]},"o":{"x":[0.28],"y":[0.288]},"t":85,"s":[-120]},{"i":{"x":[0.596],"y":[0.668]},"o":{"x":[0.167],"y":[0.19]},"t":101,"s":[-25]},{"i":{"x":[1],"y":[1]},"o":{"x":[0.405],"y":[0.722]},"t":118,"s":[61.302]},{"t":135,"s":[101]}],"ix":10},"p":{"a":1,"k":[{"i":{"x":1,"y":1},"o":{"x":0,"y":0},"t":0,"s":[300,298.667,0],"to":[19.43,38.86,0],"ti":[-43.446,0,0]},{"i":{"x":1,"y":1},"o":{"x":0,"y":0},"t":17.451,"s":[398.333,377.334,0],"to":[43.447,0,0],"ti":[0,43.446,0]},{"i":{"x":1,"y":1},"o":{"x":0,"y":0},"t":33.752,"s":[477,298.667,0],"to":[0,-43.446,0],"ti":[43.447,0,0]},{"i":{"x":1,"y":1},"o":{"x":0,"y":0},"t":50.053,"s":[398.333,220,0],"to":[-43.446,0,0],"ti":[19.667,-39.333,0]},{"i":{"x":1,"y":1},"o":{"x":0,"y":0},"t":67.504,"s":[300,298.667,0],"to":[-19.667,39.333,0],"ti":[43.446,0,0]},{"i":{"x":1,"y":1},"o":{"x":0,"y":0},"t":84.955,"s":[201.667,377.334,0],"to":[-43.447,0,0],"ti":[0,43.446,0]},{"i":{"x":1,"y":1},"o":{"x":0,"y":0},"t":101.254,"s":[123,298.667,0],"to":[0,-43.446,0],"ti":[-43.447,0,0]},{"i":{"x":1,"y":1},"o":{"x":0,"y":0},"t":117.553,"s":[201.667,220,0],"to":[43.446,0,0],"ti":[-19.43,-38.86,0]},{"t":135,"s":[300,298.667,0]}],"ix":2},"a":{"a":0,"k":[86.366,86.366,0],"ix":1},"s":{"a":0,"k":[85,85,100],"ix":6}},"ao":0,"shapes":[{"ty":"gr","it":[{"ind":0,"ty":"sh","ix":1,"ks":{"a":1,"k":[{"i":{"x":0.121,"y":1},"o":{"x":0.167,"y":0},"t":0,"s":[{"i":[[0,0],[0,0],[0,0],[0,0],[0,0],[0,0]],"o":[[0,0],[0,0],[0,0],[0,0],[0,0],[0,0]],"v":[[9.546,41.365],[-9.546,9.546],[-41.366,-9.546],[0.514,-25.654],[41.366,-41.365],[28.275,-7.331]],"c":true}]},{"i":{"x":0.126,"y":1},"o":{"x":0.333,"y":0},"t":21,"s":[{"i":[[0,0],[0,0],[0,0],[0,0],[0,0],[0,0]],"o":[[0,0],[0,0],[0,0],[0,0],[0,0],[0,0]],"v":[[9.546,41.365],[-9.546,9.546],[-41.366,-9.546],[0.514,-25.654],[41.366,-41.365],[28.275,-7.331]],"c":true}]},{"i":{"x":0.059,"y":1},"o":{"x":0.333,"y":0},"t":46,"s":[{"i":[[0,0],[0,0],[0,0],[-16.687,5.879],[0,0],[6.978,-16.787]],"o":[[0,0],[0,0],[0,0],[13.977,-4.924],[0,0],[-7.126,17.142]],"v":[[9.546,41.365],[-9.546,9.546],[-41.366,-9.546],[2.651,-21.757],[41.366,-41.365],[29.198,1.631]],"c":true}]},{"i":{"x":0.059,"y":1},"o":{"x":0.333,"y":0},"t":74,"s":[{"i":[[0,0],[0,0],[0,0],[-16.687,5.879],[0,0],[6.978,-16.787]],"o":[[0,0],[0,0],[0,0],[13.977,-4.924],[0,0],[-7.126,17.142]],"v":[[9.546,41.365],[-9.546,9.546],[-41.366,-9.546],[0.294,-25.947],[41.366,-41.365],[25.975,0.05]],"c":true}]},{"i":{"x":0.143,"y":1},"o":{"x":0.333,"y":0},"t":107,"s":[{"i":[[0,0],[0,0],[0,0],[-16.624,6.055],[0,0],[6.978,-16.787]],"o":[[0,0],[0,0],[0,0],[15.919,-5.799],[0,0],[-7.126,17.142]],"v":[[9.546,41.365],[-9.546,9.546],[-41.366,-9.546],[-1.894,-29.552],[41.366,-41.365],[22.339,-3.909]],"c":true}]},{"t":135,"s":[{"i":[[0,0],[0,0],[0,0],[0,0],[0,0],[0,0]],"o":[[0,0],[0,0],[0,0],[0,0],[0,0],[0,0]],"v":[[9.546,41.365],[-9.546,9.546],[-41.366,-9.546],[0.514,-25.654],[41.366,-41.365],[28.275,-7.331]],"c":true}]}],"ix":2},"nm":"Path 1","mn":"ADBE Vector Shape - Group","hd":false},{"ty":"st","c":{"a":0,"k":[0,0,0,1],"ix":3},"o":{"a":0,"k":100,"ix":4},"w":{"a":0,"k":18,"ix":5},"lc":2,"lj":2,"bm":0,"nm":"Stroke 1","mn":"ADBE Vector Graphic - Stroke","hd":false},{"ty":"fl","c":{"a":0,"k":[0,0,0,1],"ix":4},"o":{"a":0,"k":100,"ix":5},"r":1,"bm":0,"nm":"Fill 1","mn":"ADBE Vector Graphic - Fill","hd":false},{"ty":"tr","p":{"a":0,"k":[86.366,86.366],"ix":2},"a":{"a":0,"k":[0,0],"ix":1},"s":{"a":0,"k":[100,100],"ix":3},"r":{"a":0,"k":0,"ix":6},"o":{"a":0,"k":100,"ix":7},"sk":{"a":0,"k":0,"ix":4},"sa":{"a":0,"k":0,"ix":5},"nm":"Transform"}],"nm":"Group 1","np":3,"cix":2,"bm":0,"ix":1,"mn":"ADBE Vector Group","hd":false}],"ip":0,"op":135,"st":0,"bm":0},{"ddd":0,"ind":4,"ty":4,"nm":"arka 2","parent":1,"sr":1,"ks":{"o":{"a":0,"k":100,"ix":11},"r":{"a":0,"k":0,"ix":10},"p":{"a":0,"k":[50,50,0],"ix":2},"a":{"a":0,"k":[180,180,0],"ix":1},"s":{"a":1,"k":[{"i":{"x":[0.661,0.661,0.667],"y":[1,1,1]},"o":{"x":[0.435,0.435,0.333],"y":[0,0,0]},"t":0,"s":[70,70,100]},{"i":{"x":[0.634,0.634,0.667],"y":[1,1,1]},"o":{"x":[0.398,0.398,0.333],"y":[0,0,0]},"t":68,"s":[45,45,100]},{"t":135,"s":[70,70,100]}],"ix":6}},"ao":0,"shapes":[{"ty":"gr","it":[{"ind":0,"ty":"sh","ix":1,"ks":{"a":0,"k":{"i":[[0,-74.558],[74.558,0],[0,74.558],[-74.558,0]],"o":[[0,74.558],[-74.558,0],[0,-74.558],[74.558,0]],"v":[[135,0],[0,135],[-135,0],[0,-135]],"c":true},"ix":2},"nm":"Path 1","mn":"ADBE Vector Shape - Group","hd":false},{"ty":"st","c":{"a":0,"k":[0.89411765337,0.51372551918,0.082352943718,1],"ix":3},"o":{"a":0,"k":100,"ix":4},"w":{"a":1,"k":[{"i":{"x":[0.667],"y":[1]},"o":{"x":[0.333],"y":[0]},"t":0,"s":[35]},{"i":{"x":[0.667],"y":[1]},"o":{"x":[0.333],"y":[0]},"t":68,"s":[50]},{"t":135,"s":[35]}],"ix":5},"lc":1,"lj":1,"ml":10,"bm":0,"nm":"Stroke 1","mn":"ADBE Vector Graphic - Stroke","hd":false},{"ty":"tr","p":{"a":0,"k":[180,180],"ix":2},"a":{"a":0,"k":[0,0],"ix":1},"s":{"a":0,"k":[100,100],"ix":3},"r":{"a":0,"k":0,"ix":6},"o":{"a":0,"k":100,"ix":7},"sk":{"a":0,"k":0,"ix":4},"sa":{"a":0,"k":0,"ix":5},"nm":"Transform"}],"nm":"Group 1","np":2,"cix":2,"bm":0,"ix":1,"mn":"ADBE Vector Group","hd":false}],"ip":0,"op":135,"st":0,"bm":0}]}],"layers":[{"ddd":0,"ind":1,"ty":0,"nm":"infinite loc","refId":"comp_0","sr":1,"ks":{"o":{"a":0,"k":100,"ix":11},"r":{"a":0,"k":0,"ix":10},"p":{"a":0,"k":[300,225,0],"ix":2},"a":{"a":0,"k":[300,300,0],"ix":1},"s":{"a":0,"k":[100,100,100],"ix":6}},"ao":0,"tm":{"a":1,"k":[{"i":{"x":[0.833],"y":[0.833]},"o":{"x":[0.167],"y":[0.167]},"t":0,"s":[0]},{"t":127,"s":[2.233]}],"ix":2},"w":600,"h":600,"ip":0,"op":128,"st":0,"bm":0}],"markers":[]}